{
  "Run_1": {
    "pred_accuracy": 0.5172413793103449,
    "pred_precision": 0.4090909090909091,
    "pred_recall": 0.9,
    "pred_f1_score": 0.5625000000000001,
    "exp_accuracy": 0.4482758620689655,
    "exp_precision": 0.3181818181818182,
    "exp_recall": 0.875,
    "exp_f1_score": 0.4666666666666667
  }
}