{
  "Run_1": {
    "pred_accuracy": 0.7058823529411765,
    "pred_precision": 0.7049180327868853,
    "pred_recall": 0.9555555555555556,
    "pred_f1_score": 0.8113207547169811,
    "exp_accuracy": 0.6323529411764706,
    "exp_precision": 0.639344262295082,
    "exp_recall": 0.9285714285714286,
    "exp_f1_score": 0.7572815533980584
  }
}