{
  "Run_1": {
    "pred_accuracy": 0.6944444444444444,
    "pred_precision": 0.5833333333333334,
    "pred_recall": 0.9333333333333333,
    "pred_f1_score": 0.7179487179487181,
    "exp_accuracy": 0.75,
    "exp_precision": 0.6818181818181818,
    "exp_recall": 0.8823529411764706,
    "exp_f1_score": 0.7692307692307693
  }
}