{
  "Run_1": {
    "pred_accuracy": 0.5517241379310345,
    "pred_precision": 0.43478260869565216,
    "pred_recall": 1.0,
    "pred_f1_score": 0.6060606060606061,
    "exp_accuracy": 0.4827586206896552,
    "exp_precision": 0.3333333333333333,
    "exp_recall": 0.875,
    "exp_f1_score": 0.48275862068965514
  }
}