{
  "Run_1": {
    "pred_accuracy": 0.7647058823529411,
    "pred_precision": 0.7735849056603774,
    "pred_recall": 0.9111111111111111,
    "pred_f1_score": 0.8367346938775511,
    "exp_accuracy": 0.6911764705882353,
    "exp_precision": 0.6981132075471698,
    "exp_recall": 0.8809523809523809,
    "exp_f1_score": 0.7789473684210525
  }
}